[
    {"name": "VW_2025.05", "url": "https://disk.yandex.ru/d/v__o8PJtUs3WcA"},
    {"name": "Audi_2025.05", "url": "https://disk.yandex.ru/d/aaIOYxwDTKwaXQ"},
    {"name": "Seat_2025.05", "url": "https://disk.yandex.ru/d/Kvsft7K-oGErmA"},
    {"name": "Skoda_2025.05", "url": "https://disk.yandex.ru/d/uvaKYxeA0TnycA"},
    {"name": "Bentley_2025.05", "url": "https://disk.yandex.ru/d/EK6WFc43fe883g"},
    {"name": "VAG_PCMFLASH", "url": "https://disk.yandex.ru/d/fenVuOaok09yLQ"},
    {"name": "Multimedia_VAG", "url": "https://disk.yandex.ru/d/_QAVtSHZqRZZ5Q"},
    {"name": "Русификация китай авто no pass", "url": "https://disk.yandex.ru/d/VkpoN0Ce3Np7mQ"},
    {"name": "Прошивки СТОК", "url": "https://disk.yandex.ru/d/MjFKNuSFCEaCXA"},
    {"name": "Прошивки RSW", "url": "https://disk.yandex.ru/d/goiPj-Vi-_ZiTw"},
    {"name": "Прошивки Renault Paulus 100%", "url": "https://disk.yandex.ru/d/sG3V-5buPTjdyw"},
    {"name": "Прошивки M86I", "url": "https://disk.yandex.ru/d/RwRd5qfzp3fatg"}
    
    
    
]








